{
    "Version": "V2.0.6.1",
    "Manifest": {
        "format_version": 2,
        "header": {
            "description": "§9Yet another rewrite",
            "name": "§aAzalea Recontinued V1 - Pre-Release",
            "uuid": "%UUID%",
            "version": [
                0,
                0,
                1
            ],
            "min_engine_version": [
                1,
                19,
                0
            ]
        },
        "modules": [
            {
                "description": "Script that implements basic starter tests.",
                "type": "script",
                "language": "javascript",
                "uuid": "%UUID%",
                "version": [
                    0,
                    0,
                    1
                ],
                "entry": "scripts/index.js"
            },
            {
                "description": "Some useful things",
                "type": "data",
                "uuid": "%UUID%",
                "version": [
                    0,
                    0,
                    1
                ]
            }
        ],
        "dependencies": [
            {
              "module_name": "@minecraft/server",
              "version": "1.4.0-beta"
            },
            {
              "module_name": "@minecraft/server-ui",
              "version": "1.2.0-beta"
            }
        ]
    }
}