{
	"format_version": "1.16.100",
	"minecraft:item": {
		"description": {
			"identifier": "azalea:bindable_netherite_hoe",
            "category": "equipment"
        },
		"components": {
            "minecraft:creative_category": {
                "parent": "itemGroup.name.goatHorn"
            },
			"minecraft:display_name": {
                "value": "§cBindable netherite_hoe"
            },
			"minecraft:max_stack_size": 1,
			"minecraft:icon": {
				"texture": "netherite_hoe_bindable"
			}
		}
	}
}