{
	"format_version": "1.16.100",
	"minecraft:item": {
		"description": {
			"identifier": "azalea:bindable_invisible",
            "category": "equipment"
        },
		"components": {
            "minecraft:creative_category": {
                "parent": "itemGroup.name.goatHorn"
            },
			"minecraft:display_name": {
                "value": "§cBindable invisible"
            },
			"minecraft:max_stack_size": 1,
			"minecraft:icon": {
				"texture": "slot_invisible"
			}
		}
	}
}